,instrument,expiry,strike,option_type,ttm_days,ttm_years,underlying,mid_usd,mark_iv,moneyness,volume
0,BTC-6APR26-66500-C,2026-04-06,66500,call,3,0.00821917808219178,66864.03,1208.2423830641999,0.39649999999999996,0.9945556676736356,11.9
1,BTC-17APR26-75000-C,2026-04-17,75000,call,14,0.038356164383561646,66883.76000000001,277.31812757520004,0.44049999999999995,1.1213484409369328,17.2
2,BTC-6APR26-69000-C,2026-04-06,69000,call,3,0.00821917808219178,66864.03,250.0674603582,0.3686,1.031944978488434,23.2
3,BTC-29MAY26-66000-C,2026-05-29,66000,call,56,0.15342465753424658,67055.44,5657.238813749601,0.4907,0.9842601882859914,5.0
4,BTC-6APR26-69000-P,2026-04-06,69000,put,3,0.00821917808219178,66864.03,2395.2848567766,0.3686,1.031944978488434,0.0
5,BTC-10APR26-64000-P,2026-04-10,64000,put,7,0.019178082191780823,66865.33,770.9946994848001,0.5009,0.9571477475696298,1124.5
6,BTC-29MAY26-95000-C,2026-05-29,95000,call,56,0.15342465753424658,67055.36,166.83440623360002,0.469,1.4167398400366502,4.5
7,BTC-29MAY26-84000-C,2026-05-29,84000,call,56,0.15342465753424658,67055.15,638.4863978215,0.4501,1.2527002027435628,2667.6
8,BTC-17APR26-62000-P,2026-04-17,62000,put,14,0.038356164383561646,66883.285,956.83294404285,0.5351,0.9269879611923966,38.3
9,BTC-26JUN26-74000-C,2026-06-26,74000,call,84,0.23013698630136986,67221.12,3458.1777463872,0.4644,1.100844496491579,3.4
10,BTC-29MAY26-86000-C,2026-05-29,86000,call,56,0.15342465753424658,67055.36,486.4350041728,0.45049999999999996,1.2825223815068625,1.3
11,BTC-24APR26-81000-C,2026-04-24,81000,call,21,0.057534246575342465,66902.28,142.5506950644,0.45899999999999996,1.2107210695958344,1004.2
12,BTC-17APR26-58000-P,2026-04-17,58000,put,14,0.038356164383561646,66883.285,415.79599319090005,0.598,0.8671822862767581,27.9
13,BTC-24APR26-66000-C,2026-04-24,66000,call,21,0.057534246575342465,66902.43,3617.4679120439996,0.4901,0.9865112522818679,450.3
14,BTC-17APR26-56000-P,2026-04-17,56000,put,14,0.038356164383561646,66883.76000000001,277.9334581672,0.6347,0.8372735025662432,8.7
15,BTC-6APR26-64000-P,2026-04-06,64000,put,3,0.00821917808219178,66864.03,244.6106868699,0.45520000000000005,0.9571663568588372,17.8
16,BTC-24APR26-65000-C,2026-04-24,65000,call,21,0.057534246575342465,66902.43,4220.7458560344,0.49920000000000003,0.971564112095779,12.3
17,BTC-29MAY26-56000-P,2026-05-29,56000,put,56,0.15342465753424658,67055.44,1566.5773525647999,0.5603,0.8351298567275078,2.7
18,BTC-26JUN26-82000-C,2026-06-26,82000,call,84,0.23013698630136986,67221.12,1589.0911437311997,0.4537,1.2198547123285064,6.8
19,BTC-29MAY26-90000-C,2026-05-29,90000,call,56,0.15342465753424658,67055.15,289.62259222549994,0.4551,1.3421787886538172,0.2
20,BTC-10APR26-74000-C,2026-04-10,74000,call,7,0.019178082191780823,66865.24,92.44320025720002,0.4341,1.1067035727382417,27.1
21,BTC-6APR26-64500-C,2026-04-06,64500,call,3,0.00821917808219178,66864.03,2673.5462040246,0.4434,0.964644219021797,0.0
22,BTC-24APR26-95000-C,2026-04-24,95000,call,21,0.057534246575342465,66902.28,24.3684864672,0.5847,1.4199815013778305,0.0
23,BTC-24APR26-56000-P,2026-04-24,56000,put,21,0.057534246575342465,66902.28,496.69925229,0.6079,0.8370417271279843,53.3
24,BTC-24APR26-54000-P,2026-04-24,54000,put,21,0.057534246575342465,66902.28,347.8844967492,0.6368,0.8071473797305563,69.4
25,BTC-26JUN26-68000-P,2026-06-26,68000,put,84,0.23013698630136986,67221.12,6655.4420931839995,0.48350000000000004,1.0115868346138834,16.6
26,BTC-29MAY26-94000-C,2026-05-29,94000,call,56,0.15342465753424658,67055.15,186.6164941045,0.46659999999999996,1.4018311792606535,0.1
27,BTC-6APR26-69500-C,2026-04-06,69500,call,3,0.00821917808219178,66864.03,173.2834828674,0.3701,1.0394228406513937,21.9
28,BTC-29MAY26-69000-C,2026-05-29,69000,call,56,0.15342465753424658,67055.44,4157.9797585096,0.47600000000000003,1.0289992877535366,13.2
29,BTC-24APR26-76000-C,2026-04-24,76000,call,21,0.057534246575342465,66902.28,450.4483680804,0.4462,1.1359852011022644,62.8
30,BTC-29MAY26-74000-C,2026-05-29,74000,call,56,0.15342465753424658,67055.44,2316.31282778,0.4572,1.1035644535327782,20.0
31,BTC-29MAY26-63000-P,2026-05-29,63000,put,56,0.15342465753424658,67055.44,3396.8448584944003,0.5082,0.9395210888184463,21.8
32,BTC-26JUN26-84000-C,2026-06-26,84000,call,84,0.23013698630136986,67221.12,1306.9015874496,0.4537,1.2496072662877382,2.2
33,BTC-24APR26-58000-P,2026-04-24,58000,put,21,0.057534246575342465,66902.28,696.0151938888,0.5772999999999999,0.8669360745254123,6.7
34,BTC-26JUN26-72000-C,2026-06-26,72000,call,84,0.23013698630136986,67221.15,4159.9358295795,0.47,1.0710914645167482,353.0
35,BTC-29MAY26-72000-C,2026-05-29,72000,call,56,0.15342465753424658,67055.44,2954.0254849312,0.4635,1.0737383872210815,75.4
36,BTC-6APR26-72000-C,2026-04-06,72000,call,3,0.00821917808219178,66864.03,37.826987691899994,0.41979999999999995,1.076812151466192,22.9
37,BTC-26JUN26-64000-C,2026-06-26,64000,call,84,0.23013698630136986,67221.12,8016.1998975552,0.49979999999999997,0.9520817266954196,1.9
38,BTC-10APR26-62000-P,2026-04-10,62000,put,7,0.019178082191780823,66865.33,426.9538543424,0.5396,0.927236880458079,80.2
39,BTC-24APR26-67000-P,2026-04-24,67000,put,21,0.057534246575342465,66902.28,3156.4870356768,0.4805,1.0014606378138384,174.7
40,BTC-29MAY26-65000-P,2026-05-29,65000,put,56,0.15342465753424658,67055.44,4171.3868231832,0.4965,0.969347155130143,78.1
41,BTC-10APR26-64000-C,2026-04-10,64000,call,7,0.019178082191780823,66865.24,3635.8168159196002,0.5009,0.9571490358817226,4.0
42,BTC-6APR26-63000-P,2026-04-06,63000,put,3,0.00821917808219178,66864.03,151.05921657599998,0.4865,0.9422106325329179,8.7
43,BTC-24APR26-59000-P,2026-04-24,59000,put,21,0.057534246575342465,66902.28,828.842311578,0.5638000000000001,0.8818832482241263,108.2
44,BTC-29MAY26-50000-P,2026-05-29,50000,put,56,0.15342465753424658,67055.15,768.5626599975,0.617,0.745654882585454,2.8
45,BTC-29MAY26-64000-C,2026-05-29,64000,call,56,0.15342465753424658,67055.15,6824.4567545185,0.5023,0.9544382497093811,0.2
46,BTC-17APR26-68000-P,2026-04-17,68000,put,14,0.038356164383561646,66883.285,3089.2131935742,0.466,1.0166964735658544,2.2
47,BTC-6APR26-70000-C,2026-04-06,70000,call,3,0.00821917808219178,66864.03,120.9042076863,0.3746,1.0469007028143533,13.4
48,BTC-17APR26-68000-C,2026-04-17,68000,call,14,0.038356164383561646,66883.285,1972.9806605551,0.466,1.0166964735658544,19.6
49,BTC-24APR26-69000-P,2026-04-24,69000,put,21,0.057534246575342465,66902.28,4217.8970600592,0.46549999999999997,1.0313549852112665,16.4
50,BTC-29MAY26-45000-P,2026-05-29,45000,put,56,0.15342465753424658,67055.15,433.10921385,0.6790999999999999,0.6710893943269086,3.9
51,BTC-17APR26-60000-P,2026-04-17,60000,put,14,0.038356164383561646,66883.285,627.78590916265,0.5642,0.8970851237345773,72.3
52,BTC-29MAY26-83000-C,2026-05-29,83000,call,56,0.15342465753424658,67055.36,732.5207992832001,0.45049999999999996,1.2377832286635997,51.8
53,BTC-29MAY26-65000-C,2026-05-29,65000,call,56,0.15342465753424658,67055.15,6226.344933063499,0.4965,0.9693513473610902,0.5
54,BTC-24APR26-82000-C,2026-04-24,82000,call,21,0.057534246575342465,66902.28,118.24710380879999,0.46590000000000004,1.2256682432945485,105.1
55,BTC-6APR26-60000-P,2026-04-06,60000,put,3,0.00821917808219178,66864.03,45.2997116847,0.6011,0.8973434595551599,44.8
56,BTC-6APR26-66500-P,2026-04-06,66500,put,3,0.00821917808219178,66864.03,853.3856148899999,0.39649999999999996,0.9945556676736356,4.8
57,BTC-17APR26-67000-P,2026-04-17,67000,put,14,0.038356164383561646,66883.285,2576.2344496126,0.47450000000000003,1.0017450548369446,70.2
58,BTC-6APR26-75000-C,2026-04-06,75000,call,3,0.00821917808219178,66864.03,6.6576514671,0.47609999999999997,1.12167932444395,0.0
59,BTC-24APR26-78000-C,2026-04-24,78000,call,21,0.057534246575342465,66902.28,277.0871660076,0.4475,1.1658795484996924,26.9
60,BTC-26JUN26-60000-P,2026-06-26,60000,put,84,0.23013698630136986,67221.12,3367.6423253375997,0.5209,0.8925766187769558,19.5
61,BTC-6APR26-67500-P,2026-04-06,67500,put,3,0.00821917808219178,66864.03,1336.6641136434,0.3779,1.0095113919995549,0.0
62,BTC-17APR26-76000-C,2026-04-17,76000,call,14,0.038356164383561646,66883.76000000001,201.24922081440002,0.4409,1.1362997534827586,107.5
63,BTC-29MAY26-73000-C,2026-05-29,73000,call,56,0.15342465753424658,67055.44,2618.7670604544,0.46009999999999995,1.08865142037693,1.0
64,BTC-29MAY26-75000-C,2026-05-29,75000,call,56,0.15342465753424658,67055.44,2039.987417856,0.4543,1.1184774866886267,73.4
65,BTC-24APR26-57000-P,2026-04-24,57000,put,21,0.057534246575342465,66902.43,595.8638166978,0.5949,0.8519869906070677,39.8
66,BTC-26JUN26-55000-P,2026-06-26,55000,put,84,0.23013698630136986,67221.12,2081.9584122048,0.5516,0.8181952338788763,25.5
67,BTC-24APR26-72000-C,2026-04-24,72000,call,21,0.057534246575342465,66902.28,1123.0337144904001,0.44880000000000003,1.0761965063074084,63.4
68,BTC-24APR26-75000-C,2026-04-24,75000,call,21,0.057534246575342465,66902.28,570.0736588572,0.4459,1.1210380274035503,210.3
69,BTC-24APR26-69000-C,2026-04-24,69000,call,21,0.057534246575342465,66902.28,2120.176739682,0.46549999999999997,1.0313549852112665,74.8
70,BTC-29MAY26-76000-C,2026-05-29,76000,call,56,0.15342465753424658,67055.44,1781.974848596,0.4506,1.133390519844475,22.3
71,BTC-26JUN26-68000-C,2026-06-26,68000,call,84,0.23013698630136986,67221.15,5876.413106176499,0.48350000000000004,1.0115863831547065,11.6
72,BTC-26JUN26-65000-P,2026-06-26,65000,put,84,0.23013698630136986,67221.12,5228.3719983552,0.496,0.9669580036750355,12.8
73,BTC-6APR26-70000-P,2026-04-06,70000,put,3,0.00821917808219178,66864.03,3266.2262913834,0.3746,1.0469007028143533,0.0
74,BTC-17APR26-63000-P,2026-04-17,63000,put,14,0.038356164383561646,66883.285,1173.2879881212,0.5207,0.9419393799213062,2.9
75,BTC-6APR26-66000-P,2026-04-06,66000,put,3,0.00821917808219178,66864.03,661.1187652653,0.4025,0.9870778055106759,10.7
76,BTC-29MAY26-85000-C,2026-05-29,85000,call,56,0.15342465753424658,67055.36,558.53762112,0.45049999999999996,1.267609330559108,1176.5
77,BTC-26JUN26-70000-C,2026-06-26,70000,call,84,0.23013698630136986,67221.15,4960.7306341455,0.47609999999999997,1.0413389238357273,46.3
78,BTC-6APR26-73000-C,2026-04-06,73000,call,3,0.00821917808219178,66864.03,21.7481943978,0.4416,1.0917678757921112,0.1
79,BTC-17APR26-67000-C,2026-04-17,67000,call,14,0.038356164383561646,66883.285,2459.9953132797,0.47450000000000003,1.0017450548369446,8.0
80,BTC-6APR26-68000-P,2026-04-06,68000,put,3,0.00821917808219178,66864.03,1652.1453231909,0.37420000000000003,1.0169892541625145,0.0
81,BTC-6APR26-68000-C,2026-04-06,68000,call,3,0.00821917808219178,66864.03,507.00787436009995,0.37420000000000003,1.0169892541625145,25.4
82,BTC-6APR26-71000-C,2026-04-06,71000,call,3,0.00821917808219178,66864.03,61.9702516443,0.3907,1.0618564271402726,51.7
83,BTC-24APR26-68000-C,2026-04-24,68000,call,21,0.057534246575342465,66902.28,2562.3887680716,0.4728,1.0164078115125523,11.3
84,BTC-24APR26-55000-P,2026-04-24,55000,put,21,0.057534246575342465,66902.28,414.519836652,0.6217,0.8220945534292703,144.6
85,BTC-6APR26-67000-C,2026-04-06,67000,call,3,0.00821917808219178,66864.03,927.9711030744,0.3864,1.0020335298365952,8.2
86,BTC-29MAY26-98000-C,2026-05-29,98000,call,56,0.15342465753424658,67055.15,125.88464474949998,0.48009999999999997,1.4614835698674897,0.5
87,BTC-29MAY26-68000-C,2026-05-29,68000,call,56,0.15342465753424658,67055.44,4627.5019493896,0.48090000000000005,1.014086254597688,8.8
88,BTC-29MAY26-57000-P,2026-05-29,57000,put,56,0.15342465753424658,67055.44,1741.265490972,0.5497,0.8500428898833562,1.7
89,BTC-10APR26-73000-C,2026-04-10,73000,call,7,0.019178082191780823,66865.24,144.0304015696,0.42840000000000006,1.09174811905259,258.7
90,BTC-17APR26-73000-C,2026-04-17,73000,call,14,0.038356164383561646,66883.285,509.97100263515006,0.44049999999999995,1.0914535672104024,154.4
91,BTC-10APR26-76000-C,2026-04-10,76000,call,7,0.019178082191780823,66865.24,47.581304784000004,0.4642,1.1366144801095457,734.0
92,BTC-17APR26-66000-P,2026-04-17,66000,put,14,0.038356164383561646,66883.285,2142.50905421175,0.4861,0.986793636108035,96.6
93,BTC-29MAY26-48000-P,2026-05-29,48000,put,56,0.15342465753424658,67055.15,601.8689215095,0.6383,0.7158286872820359,6.3
94,BTC-26JUN26-86000-C,2026-06-26,86000,call,84,0.23013698630136986,67221.12,1070.4250816127999,0.4537,1.27935982024697,0.5
95,BTC-10APR26-67000-C,2026-04-10,67000,call,7,0.019178082191780823,66865.33,1664.0045845003,0.4547,1.0020140482369562,143.1
96,BTC-29MAY26-96000-C,2026-05-29,96000,call,56,0.15342465753424658,67055.36,152.81916544,0.4733,1.4316528909844046,0.0
97,BTC-26JUN26-66000-P,2026-06-26,66000,put,84,0.23013698630136986,67221.12,5669.840654054399,0.4911,0.9818342806546515,38.5
98,BTC-24APR26-60000-P,2026-04-24,60000,put,21,0.057534246575342465,66902.43,994.7180407016999,0.5527000000000001,0.8968284111653344,138.0
99,BTC-6APR26-64000-C,2026-04-06,64000,call,3,0.00821917808219178,66864.03,3100.0691768334,0.45520000000000005,0.9571663568588372,0.0
100,BTC-29MAY26-92000-C,2026-05-29,92000,call,56,0.15342465753424658,67055.15,229.92540383499997,0.46009999999999995,1.3720049839572352,3.6
101,BTC-24APR26-68000-P,2026-04-24,68000,put,21,0.057534246575342465,66902.28,3660.1086668783996,0.4728,1.0164078115125523,33.3
102,BTC-10APR26-56000-P,2026-04-10,56000,put,7,0.019178082191780823,66865.24,91.81934756800001,0.6992,0.8375054063965073,22.9
103,BTC-24APR26-73000-C,2026-04-24,73000,call,21,0.057534246575342465,66902.28,895.4147633376,0.446,1.0911436800061223,53.2
104,BTC-10APR26-67000-P,2026-04-10,67000,put,7,0.019178082191780823,66865.33,1799.2056131069999,0.4547,1.0020140482369562,225.3
105,BTC-24APR26-64000-C,2026-04-24,64000,call,21,0.057534246575342465,66902.28,4867.699504038,0.5079,0.9566191167176963,0.4
106,BTC-29MAY26-52000-P,2026-05-29,52000,put,56,0.15342465753424658,67055.44,970.1118376664001,0.5954,0.7754777241041144,2.2
107,BTC-6APR26-74000-C,2026-04-06,74000,call,3,0.00821917808219178,66864.03,14.3396598738,0.4702,1.1067236001180305,0.5
108,BTC-24APR26-70000-C,2026-04-24,70000,call,21,0.057534246575342465,66902.28,1732.006366008,0.4587,1.0463021589099804,113.8
109,BTC-24APR26-88000-C,2026-04-24,88000,call,21,0.057534246575342465,66901.77,47.0781065313,0.515,1.3153613125631802,5.5
110,BTC-6APR26-62000-P,2026-04-06,62000,put,3,0.00821917808219178,66864.03,100.1482754937,0.5257000000000001,0.9272549082069986,11.8
111,BTC-17APR26-65000-P,2026-04-17,65000,put,14,0.038356164383561646,66883.285,1760.08915790155,0.4963,0.9718422173791254,14.6
112,BTC-24APR26-83000-C,2026-04-24,83000,call,21,0.057534246575342465,66901.77,97.87862754540001,0.4722,1.240624874349363,0.5
113,BTC-29MAY26-69000-P,2026-05-29,69000,put,56,0.15342465753424658,67055.44,6102.8383058552,0.47600000000000003,1.0289992877535366,28.9
114,BTC-26JUN26-80000-C,2026-06-26,80000,call,84,0.23013698630136986,67221.12,1924.9460089535999,0.4537,1.1901021583692746,8.8
115,BTC-29MAY26-88000-C,2026-05-29,88000,call,56,0.15342465753424658,67055.15,369.4584538155,0.4511,1.312352593350399,0.6
116,BTC-6APR26-64500-P,2026-04-06,64500,put,3,0.00821917808219178,66864.03,318.1611198699,0.4434,0.964644219021797,2.7
117,BTC-29MAY26-61000-P,2026-05-29,61000,put,56,0.15342465753424658,67055.44,2743.955543608,0.5213,0.9096950225067496,9.6
118,BTC-17APR26-70000-C,2026-04-17,70000,call,14,0.038356164383561646,66883.285,1193.04865467445,0.4501,1.0465993110236735,22.6
119,BTC-10APR26-72000-C,2026-04-10,72000,call,7,0.019178082191780823,66865.24,231.0234161144,0.4278,1.076792665366938,345.3
120,BTC-29MAY26-60000-P,2026-05-29,60000,put,56,0.15342465753424658,67055.44,2453.5833601127997,0.5277000000000001,0.8947819893509013,74.8
121,BTC-26JUN26-90000-C,2026-06-26,90000,call,84,0.23013698630136986,67221.12,710.4035515392,0.4537,1.338864928165434,28.3
122,BTC-6APR26-67000-P,2026-04-06,67000,put,3,0.00821917808219178,66864.03,1073.1830602269,0.3864,1.0020335298365952,5.6
123,BTC-10APR26-63000-P,2026-04-10,63000,put,7,0.019178082191780823,66865.33,575.1147212097001,0.52,0.9421923140138544,1049.0
124,BTC-6APR26-65500-C,2026-04-06,65500,call,3,0.00821917808219178,66864.03,1874.9897623749,0.41590000000000005,0.9795999433477163,4.0
125,BTC-10APR26-71000-C,2026-04-10,71000,call,7,0.019178082191780823,66865.33,360.8875650359,0.4277,1.0618357824600582,291.0
126,BTC-24APR26-84000-C,2026-04-24,84000,call,21,0.057534246575342465,66902.28,83.84260631880001,0.48100000000000004,1.2555625906919765,3.5
127,BTC-17APR26-80000-C,2026-04-17,80000,call,14,0.038356164383561646,66883.76000000001,63.957595500000004,0.4607,1.1961050036660617,931.5
128,BTC-24APR26-71000-C,2026-04-24,71000,call,21,0.057534246575342465,66902.28,1401.2093805936,0.4532,1.0612493326086945,5.1
129,BTC-24APR26-65000-P,2026-04-24,65000,put,21,0.057534246575342465,66902.28,2318.4563649635998,0.49920000000000003,0.9715662904164103,86.6
130,BTC-17APR26-50000-P,2026-04-17,50000,put,14,0.038356164383561646,66883.76000000001,88.50794844560002,0.7578,0.7475656272912885,0.7
131,BTC-29MAY26-67000-P,2026-05-29,67000,put,56,0.15342465753424658,67055.44,5070.529194816801,0.4857,0.9991732214418397,129.5
132,BTC-17APR26-74000-C,2026-04-17,74000,call,14,0.038356164383561646,66883.76000000001,378.6068937192,0.44049999999999995,1.1063971283911072,173.2
133,BTC-29MAY26-70000-P,2026-05-29,70000,put,56,0.15342465753424658,67055.44,6670.2352875136,0.4717,1.0439123209093848,1447.8
134,BTC-17APR26-55000-P,2026-04-17,55000,put,14,0.038356164383561646,66883.76000000001,224.40370968880003,0.6516,0.8223221900204174,14.8
135,BTC-24APR26-79000-C,2026-04-24,79000,call,21,0.057534246575342465,66902.28,218.2539699984,0.4496,1.1808267221984063,19.4
136,BTC-29MAY26-59000-P,2026-05-29,59000,put,56,0.15342465753424658,67055.44,2195.1966214976,0.5351,0.8798689561950529,25.4
137,BTC-29MAY26-67000-C,2026-05-29,67000,call,56,0.15342465753424658,67055.44,5125.678941444799,0.4857,0.9991732214418397,46.6
138,BTC-6APR26-66000-C,2026-04-06,66000,call,3,0.00821917808219178,66864.03,1516.0449274065,0.4025,0.9870778055106759,17.9
139,BTC-10APR26-78000-C,2026-04-10,78000,call,7,0.019178082191780823,66865.24,23.865541460800003,0.48869999999999997,1.1665253874808494,58.1
140,BTC-29MAY26-70000-C,2026-05-29,70000,call,56,0.15342465753424658,67055.44,3725.372257904,0.4717,1.0439123209093848,153.3
141,BTC-6APR26-65500-P,2026-04-06,65500,put,3,0.00821917808219178,66864.03,519.9948749069999,0.41590000000000005,0.9795999433477163,2.6
142,BTC-17APR26-71000-C,2026-04-17,71000,call,14,0.038356164383561646,66883.285,911.0633744516501,0.4458,1.061550729752583,59.5
143,BTC-29MAY26-100000-C,2026-05-29,100000,call,56,0.15342465753424658,67055.15,102.07738429349999,0.4852,1.491309765170908,0.3
144,BTC-29MAY26-62000-P,2026-05-29,62000,put,56,0.15342465753424658,67055.44,3053.7188192424,0.5144,0.924608055662598,43.4
145,BTC-10APR26-66000-P,2026-04-10,66000,put,7,0.019178082191780823,66865.33,1367.3639031415998,0.4675,0.9870586146811808,86.7
146,BTC-24APR26-70000-P,2026-04-24,70000,put,21,0.057534246575342465,66902.28,4829.7264389328,0.4587,1.0463021589099804,8.3
147,BTC-26JUN26-76000-C,2026-06-26,76000,call,84,0.23013698630136986,67221.12,2861.3563768895997,0.46020000000000005,1.1305970504508107,12.1
148,BTC-10APR26-70000-P,2026-04-10,70000,put,7,0.019178082191780823,66865.33,3681.143699023,0.4277,1.0468803489042826,0.9
149,BTC-17APR26-69000-P,2026-04-17,69000,put,14,0.038356164383561646,66883.76000000001,3667.7274875984003,0.45799999999999996,1.0316405656619783,4.6
150,BTC-29MAY26-64000-P,2026-05-29,64000,put,56,0.15342465753424658,67055.44,3769.4920552064,0.5023,0.9544341219742947,105.7
151,BTC-6APR26-69500-P,2026-04-06,69500,put,3,0.00821917808219178,66864.03,2818.5522199647003,0.3701,1.0394228406513937,0.0
152,BTC-26JUN26-75000-C,2026-06-26,75000,call,84,0.23013698630136986,67221.12,3147.4393804415995,0.4622,1.115720773471195,46.2
153,BTC-26JUN26-45000-P,2026-06-26,45000,put,84,0.23013698630136986,67221.12,752.4638063232,0.6386999999999999,0.669432464082717,3.9
154,BTC-17APR26-64000-P,2026-04-17,64000,put,14,0.038356164383561646,66883.285,1441.0418429617002,0.5082,0.9568907986502158,44.6
155,BTC-26JUN26-88000-C,2026-06-26,88000,call,84,0.23013698630136986,67221.12,873.525010176,0.4537,1.3091123742062019,3.0
156,BTC-17APR26-66000-C,2026-04-17,66000,call,14,0.038356164383561646,66883.285,3026.26331456505,0.4861,0.986793636108035,4.8
157,BTC-10APR26-68000-C,2026-04-10,68000,call,7,0.019178082191780823,66865.33,1192.0985061055,0.4432,1.0169694817927317,76.2
158,BTC-24APR26-90000-C,2026-04-24,90000,call,21,0.057534246575342465,66902.28,34.581788532000004,0.5285,1.3452456328842606,4.9
159,BTC-24APR26-86000-C,2026-04-24,86000,call,21,0.057534246575342465,66902.28,56.997397445999994,0.4916,1.2854569380894045,9.4
160,BTC-10APR26-70000-C,2026-04-10,70000,call,7,0.019178082191780823,66865.33,545.9193121718,0.4277,1.0468803489042826,198.2
161,BTC-26JUN26-78000-C,2026-06-26,78000,call,84,0.23013698630136986,67221.12,2350.3723443648,0.45640000000000003,1.1603496044100425,14.1
162,BTC-17APR26-69000-C,2026-04-17,69000,call,14,0.038356164383561646,66883.285,1551.4768478223,0.45799999999999996,1.0316478922947638,130.8
163,BTC-24APR26-52000-P,2026-04-24,52000,put,21,0.057534246575342465,66901.77,250.76054529630002,0.6716,0.7772589574236974,20.9
164,BTC-24APR26-96000-C,2026-04-24,96000,call,21,0.057534246575342465,66902.28,19.510711916400002,0.5849,1.4349286750765444,0.0
165,BTC-29MAY26-71000-C,2026-05-29,71000,call,56,0.15342465753424658,67055.44,3325.269211284,0.46759999999999996,1.0588253540652333,33.3
166,BTC-29MAY26-58000-P,2026-05-29,58000,put,56,0.15342465753424658,67055.44,1965.4311563376,0.5433,0.8649559230392045,1.0
167,BTC-6APR26-65000-C,2026-04-06,65000,call,3,0.00821917808219178,66864.03,2254.528049943,0.4255,0.9721220811847566,0.0
168,BTC-6APR26-68500-C,2026-04-06,68500,call,3,0.00821917808219178,66864.03,360.1684467174,0.3705,1.0244671163254742,75.5
169,BTC-24APR26-80000-C,2026-04-24,80000,call,21,0.057534246575342465,66901.77,176.25538913580002,0.4543,1.195783011421073,13.9
170,BTC-6APR26-67500-C,2026-04-06,67500,call,3,0.00821917808219178,66864.03,691.3827625238999,0.3779,1.0095113919995549,1.6
171,BTC-17APR26-64000-C,2026-04-17,64000,call,14,0.038356164383561646,66883.76000000001,4324.812273291201,0.5082,0.9568840029328494,0.0
172,BTC-6APR26-59000-P,2026-04-06,59000,put,3,0.00821917808219178,66864.03,32.4999304218,0.643,0.8823877352292406,200.1
173,BTC-10APR26-66000-C,2026-04-10,66000,call,7,0.019178082191780823,66865.33,2232.1706606164003,0.4675,0.9870586146811808,60.4
174,BTC-26JUN26-85000-C,2026-06-26,85000,call,84,0.23013698630136986,67221.12,1182.6621690431998,0.4536,1.2644835432673542,14.9
175,BTC-10APR26-69000-C,2026-04-10,69000,call,7,0.019178082191780823,66865.33,819.0695344482,0.4335,1.0319249153485073,119.9
176,BTC-29MAY26-77000-C,2026-05-29,77000,call,56,0.15342465753424658,67055.44,1578.2175063944,0.45039999999999997,1.1483035530003234,49.3
177,BTC-24APR26-77000-C,2026-04-24,77000,call,21,0.057534246575342465,66902.28,354.7566989508,0.447,1.1509323748009783,31.6
178,BTC-29MAY26-54000-P,2026-05-29,54000,put,56,0.15342465753424658,67055.44,1236.8751418464,0.5774,0.8053037904158111,45.5
179,BTC-26JUN26-100000-C,2026-06-26,100000,call,84,0.23013698630136986,67221.12,289.4030546688,0.4689,1.4876276979615932,22.7
180,BTC-26JUN26-62000-P,2026-06-26,62000,put,84,0.23013698630136986,67221.12,4035.3618100992,0.5102,0.9223291727361878,5.9
181,BTC-10APR26-68000-P,2026-04-10,68000,put,7,0.019178082191780823,66865.33,2327.307989447,0.4432,1.0169694817927317,96.2
182,BTC-17APR26-82000-C,2026-04-17,82000,call,14,0.038356164383561646,66883.76000000001,37.316456216800006,0.473,1.2260076287577133,2.4
183,BTC-26JUN26-95000-C,2026-06-26,95000,call,84,0.23013698630136986,67221.12,438.33413487359996,0.45840000000000003,1.4132463130635136,6.7
184,BTC-17APR26-65000-C,2026-04-17,65000,call,14,0.038356164383561646,66883.285,3643.8354772753505,0.4963,0.9718422173791254,6.1
185,BTC-29MAY26-68000-P,2026-05-29,68000,put,56,0.15342465753424658,67055.44,5572.3560144712,0.48090000000000005,1.014086254597688,126.8
186,BTC-26JUN26-64000-P,2026-06-26,64000,put,84,0.23013698630136986,67221.12,4795.2226284672,0.49979999999999997,0.9520817266954196,23.5
187,BTC-29MAY26-80000-C,2026-05-29,80000,call,56,0.15342465753424658,67055.44,1075.9997535247999,0.44920000000000004,1.1930426524678683,164.0
188,BTC-24APR26-94000-C,2026-04-24,94000,call,21,0.057534246575342465,66902.28,26.4544995576,0.575,1.4050343276791164,2.0
189,BTC-29MAY26-79000-C,2026-05-29,79000,call,56,0.15342465753424658,67055.44,1231.912368732,0.45049999999999996,1.17812961931202,10.9
190,BTC-24APR26-67000-C,2026-04-24,67000,call,21,0.057534246575342465,66902.43,3058.7744164298997,0.4805,1.0014583924679568,82.9
191,BTC-26JUN26-70000-P,2026-06-26,70000,put,84,0.23013698630136986,67221.12,7739.7644691456,0.47609999999999997,1.0413393885731153,22.1
192,BTC-24APR26-63000-P,2026-04-24,63000,put,21,0.057534246575342465,66902.43,1664.7652788563998,0.5182,0.9416698317236012,14.2
193,BTC-26JUN26-65000-C,2026-06-26,65000,call,84,0.23013698630136986,67221.12,7449.347047775999,0.496,0.9669580036750355,5.5
194,BTC-24APR26-62000-P,2026-04-24,62000,put,21,0.057534246575342465,66902.28,1399.8418979904,0.5281,0.9267247693202684,2557.4
195,BTC-24APR26-61000-P,2026-04-24,61000,put,21,0.057534246575342465,66902.28,1179.8009680932,0.5399,0.9117775956215544,1091.9
196,BTC-17APR26-72000-C,2026-04-17,72000,call,14,0.038356164383561646,66883.285,677.5805148451501,0.44049999999999995,1.0765021484814927,54.2
197,BTC-24APR26-98000-C,2026-04-24,98000,call,21,0.057534246575342465,66901.77,19.449013556700002,0.6136,1.4648341889908143,0.0
198,BTC-24APR26-64000-P,2026-04-24,64000,put,21,0.057534246575342465,66902.43,1965.4234612277999,0.5079,0.9566169719096901,46.9
199,BTC-26JUN26-58000-P,2026-06-26,58000,put,84,0.23013698630136986,67221.12,2789.3430632447994,0.5323,0.862824064817724,3.3
200,BTC-24APR26-50000-P,2026-04-24,50000,put,21,0.057534246575342465,66902.43,188.58791480549996,0.7131000000000001,0.7473570093044454,189.2
201,BTC-24APR26-66000-P,2026-04-24,66000,put,21,0.057534246575342465,66902.43,2715.1862827760997,0.4901,0.9865112522818679,44.0
202,BTC-24APR26-45000-P,2026-04-24,45000,put,21,0.057534246575342465,66902.28,88.9980960156,0.8142,0.6726228164421303,591.2
203,BTC-17APR26-70000-P,2026-04-17,70000,put,14,0.038356164383561646,66883.76000000001,4309.297247484001,0.4501,1.0465918782078039,0.0
204,BTC-10APR26-75000-C,2026-04-10,75000,call,7,0.019178082191780823,66865.24,63.803480660400005,0.4465,1.1216590264238937,7.8
205,BTC-10APR26-80000-C,2026-04-10,80000,call,7,0.019178082191780823,66865.33,12.4222410074,0.513,1.1964346844620373,39.5
206,BTC-6APR26-61000-P,2026-04-06,61000,put,3,0.00821917808219178,66864.03,66.7730949192,0.5633,0.9122991838810792,29.3
207,BTC-10APR26-60000-P,2026-04-10,60000,put,7,0.019178082191780823,66865.33,247.97676283799998,0.5893999999999999,0.897326013346528,238.6
208,BTC-24APR26-92000-C,2026-04-24,92000,call,21,0.057534246575342465,66902.28,26.6966858112,0.5440999999999999,1.3751399802816884,1.0
209,BTC-6APR26-65000-P,2026-04-06,65000,put,3,0.00821917808219178,66864.03,399.23509352549996,0.4255,0.9721220811847566,12.5
210,BTC-10APR26-50000-P,2026-04-10,50000,put,7,0.019178082191780823,66865.24,28.425750828800005,0.8935,0.7477726842825958,115.8
211,BTC-24APR26-100000-C,2026-04-24,100000,call,21,0.057534246575342465,66901.77,16.655864659200002,0.6312,1.4947287642763412,46.7
212,BTC-10APR26-65000-C,2026-04-10,65000,call,7,0.019178082191780823,66865.33,2893.5871259504997,0.4828,0.9721031811254053,0.6
213,BTC-29MAY26-66000-P,2026-05-29,66000,put,56,0.15342465753424658,67055.44,4602.0845848576,0.4907,0.9842601882859914,79.4
214,BTC-29MAY26-82000-C,2026-05-29,82000,call,56,0.15342465753424658,67055.15,836.5954740844999,0.45049999999999996,1.2228740074401445,42.9
215,BTC-10APR26-58000-P,2026-04-10,58000,put,7,0.019178082191780823,66865.24,146.3686790124,0.6409,0.8674163137678111,40.0
216,BTC-6APR26-68500-P,2026-04-06,68500,put,3,0.00821917808219178,66864.03,2005.3251414927001,0.3705,1.0244671163254742,0.0
217,BTC-26JUN26-66000-C,2026-06-26,66000,call,84,0.23013698630136986,67221.15,6890.816559097499,0.4911,0.9818338424736858,17.6
218,BTC-29MAY26-81000-C,2026-05-29,81000,call,56,0.15342465753424658,67055.44,941.5676779672,0.4486,1.2079556856237168,10.3
219,BTC-10APR26-65000-P,2026-04-10,65000,put,7,0.019178082191780823,66865.33,1028.7725823942,0.4828,0.9721031811254053,25.3
220,BTC-26JUN26-50000-P,2026-06-26,50000,put,84,0.23013698630136986,67221.12,1270.9631600639998,0.5927,0.7438138489807966,41.7
221,BTC-24APR26-85000-C,2026-04-24,85000,call,21,0.057534246575342465,66901.77,70.4636202348,0.4878,1.27051944963489,17.6
222,BTC-24APR26-74000-C,2026-04-24,74000,call,21,0.057534246575342465,66902.28,718.44685935,0.4462,1.1060908537048364,34.1
223,BTC-29MAY26-78000-C,2026-05-29,78000,call,56,0.15342465753424658,67055.44,1395.9742315624,0.45049999999999996,1.1632165861561716,466.1
224,BTC-10APR26-69000-P,2026-04-10,69000,put,7,0.019178082191780823,66865.33,2954.2868038712004,0.4335,1.0319249153485073,0.2
